Workbook

Sheet รวมทุกแผนก
A1: แผนก | B1: รหัส SDS | C1: ชื่อผลิตภัณฑ์/สารเคมี | D1: Trade Name | E1: ปริมาณสูงสุดที่มี | F1: พื้นที่/หน่วยงานที่จัดเก็บ | G1: สารออกซิไดซ์ | H1: สารไวไฟ | I1: วัตถุระเบิด | J1: วัตถุมีพิษ | K1: สารกัดกร่อน | L1: แก๊ส | M1: อันตรายต่อสุขภาพ | N1: อันตรายต่อสิ่งแวดล้อม | O1: วัตถุระคายเคือง | P1: ประเภทอื่น ๆ | Q1: สวมถุงมือ | R1: สวมหน้ากาก | S1: สวมแว่นตา | T1: สวมเสื้อกันสารเคมี | U1: รองเท้าบู๊ท | V1: ต้องประกาศ Code 1 | W1: สารเคมีไวไฟในแผนก
A2: ศูนย์ทางเดินปัสสาวะ | B2: SDS-00001 | C2: =INDEX(รายการสาร!$B:$B,MATCH($B2,รายการสาร!$A:$A,0)) -> น้ำยา 3 Enzyme | D2: =INDEX(รายการสาร!$C:$C,MATCH($B2,รายการสาร!$A:$A,0)) -> 3 Enzyme | E2: 2X5L | F2: ตู้ไม้ | M2: ✓ | N2: ✓ | Q2: ✓ | S2: ✓ | V2: ✓
A3: ศูนย์ทางเดินปัสสาวะ | B3: SDS-00002 | C3: =INDEX(รายการสาร!$B:$B,MATCH($B3,รายการสาร!$A:$A,0)) -> น้ำยาแช่เครื่องมือ Cidex | D3: =INDEX(รายการสาร!$C:$C,MATCH($B3,รายการสาร!$A:$A,0)) -> Cidex | E3: 2X5L | F3: ตู้ไม้ | M3: ✓ | O3: ✓ | Q3: ✓ | S3: ✓ | V3: ✓
A4: ศูนย์ทางเดินปัสสาวะ | B4: SDS-00003 | C4: =INDEX(รายการสาร!$B:$B,MATCH($B4,รายการสาร!$A:$A,0)) -> คิมแคร์สบู่เหลวล้างมือ | D4: =INDEX(รายการสาร!$C:$C,MATCH($B4,รายการสาร!$A:$A,0)) -> Kimcare | E4: 500 ml | F4: ห้องตรวจ | O4: ✓
A5: ศูนย์ทางเดินปัสสาวะ | B5: SDS-00004 | C5: =INDEX(รายการสาร!$B:$B,MATCH($B5,รายการสาร!$A:$A,0)) -> น้ำยาล้างจาน | D5: =INDEX(รายการสาร!$C:$C,MATCH($B5,รายการสาร!$A:$A,0)) -> ไลปอนเอฟ หรือ มาวิน หรือ ซันไลต์ | E5: 1X120 ml | F5: ตู้ไม้ | O5: ✓
A6: ศูนย์ทางเดินปัสสาวะ | B6: SDS-00005 | C6: =INDEX(รายการสาร!$B:$B,MATCH($B6,รายการสาร!$A:$A,0)) -> Avagard Foaming Instant Hand Antiseptic | D6: =INDEX(รายการสาร!$C:$C,MATCH($B6,รายการสาร!$A:$A,0)) -> Avagard Foaming Instant Hand Antiseptic | E6: 1X500ml | F6: ติดผนัง | H6: ✓ | O6: ✓ | W6: ✓
A7: ศูนย์ทางเดินปัสสาวะ | B7: SDS-00006 | C7: =INDEX(รายการสาร!$B:$B,MATCH($B7,รายการสาร!$A:$A,0)) -> 70% alcohol | D7: =INDEX(รายการสาร!$C:$C,MATCH($B7,รายการสาร!$A:$A,0)) -> Preservative solution 70% | E7: 6X 60 ml | F7: ตู้เก็บน้ำยา | H7: ✓ | W7: ✓
A8: คลินิกหู คอ จมูก | B8: SDS-00007 | C8: =INDEX(รายการสาร!$B:$B,MATCH($B8,รายการสาร!$A:$A,0)) -> Ammonia | D8: =INDEX(รายการสาร!$C:$C,MATCH($B8,รายการสาร!$A:$A,0)) -> Ammonia | E8: 3X30 ml | F8: ตู้เก็บสารเคมี | J8: ✓ | K8: ✓ | M8: ✓ | Q8: ✓ | R8: ✓
A9: คลินิกหู คอ จมูก | B9: SDS-00006 | C9: =INDEX(รายการสาร!$B:$B,MATCH($B9,รายการสาร!$A:$A,0)) -> 70% alcohol | D9: =INDEX(รายการสาร!$C:$C,MATCH($B9,รายการสาร!$A:$A,0)) -> Preservative solution 70% | E9: 3x60 ml | F9: ตู้เก็บสารเคมี | H9: ✓ | W9: ✓
A10: คลินิกหู คอ จมูก | B10: SDS-00004 | C10: =INDEX(รายการสาร!$B:$B,MATCH($B10,รายการสาร!$A:$A,0)) -> น้ำยาล้างจาน | D10: =INDEX(รายการสาร!$C:$C,MATCH($B10,รายการสาร!$A:$A,0)) -> ไลปอนเอฟ หรือ มาวิน หรือ ซันไลต์ | E10: 500 ml | F10: ตู้เก็บสารเคมี | O10: ✓
A11: คลินิกหู คอ จมูก | B11: SDS-00008 | C11: =INDEX(รายการสาร!$B:$B,MATCH($B11,รายการสาร!$A:$A,0)) -> Virusolve | D11: =INDEX(รายการสาร!$C:$C,MATCH($B11,รายการสาร!$A:$A,0)) -> Virusolve | E11: 3X5000 ml | F11: ตู้เก็บสารเคมี | M11: ✓ | Q11: ✓ | R11: ✓ | S11: ✓ | V11: ✓
A12: คลินิกหู คอ จมูก | B12: SDS-00009 | C12: =INDEX(รายการสาร!$B:$B,MATCH($B12,รายการสาร!$A:$A,0)) -> น้ำยาล้างเล็บ(LAPPA) | D12: =INDEX(รายการสาร!$C:$C,MATCH($B12,รายการสาร!$A:$A,0)) -> Polish Remover | E12: 1x400 ml | F12: ตู้เก็บสารเคมี | H12: ✓ | M12: ✓ | O12: ✓ | Q12: ✓ | W12: ✓
A13: คลินิกหู คอ จมูก | B13: SDS-00010 | C13: =INDEX(รายการสาร!$B:$B,MATCH($B13,รายการสาร!$A:$A,0)) -> Gel ล้างมือติดผนัง | D13: =INDEX(รายการสาร!$C:$C,MATCH($B13,รายการสาร!$A:$A,0)) -> Purell | E13: 1000 ml | F13: ผนัง | H13: ✓ | W13: ✓
A14: คลินิกหู คอ จมูก | B14: SDS-00011 | C14: =INDEX(รายการสาร!$B:$B,MATCH($B14,รายการสาร!$A:$A,0)) -> Alcohol Gel | D14: =INDEX(รายการสาร!$C:$C,MATCH($B14,รายการสาร!$A:$A,0)) -> Clear Hand Gel | E14: 6x120 mll | F14: ตู้เก็บสารเคมี | H14: ✓ | W14: ✓
A15: คลินิกหู คอ จมูก | B15: SDS-00012 | C15: =INDEX(รายการสาร!$B:$B,MATCH($B15,รายการสาร!$A:$A,0)) -> Betadine | D15: =INDEX(รายการสาร!$C:$C,MATCH($B15,รายการสาร!$A:$A,0)) -> Betadine | E15: 3x30 mll | F15: ตู้เก็บสารเคมี | O15: ✓ | Q15: ✓
A16: คลินิกหู คอ จมูก | B16: SDS-00013 | C16: =INDEX(รายการสาร!$B:$B,MATCH($B16,รายการสาร!$A:$A,0)) -> CHLORHEXIDINE SCRUB 4% | D16: =INDEX(รายการสาร!$C:$C,MATCH($B16,รายการสาร!$A:$A,0)) -> Hexene | E16: 3x100 ml | F16: ตู้เก็บสารเคมี | H16: ✓ | M16: ✓ | Q16: ✓ | W16: ✓
A17: คลินิกหู คอ จมูก | B17: SDS-00014 | C17: =INDEX(รายการสาร!$B:$B,MATCH($B17,รายการสาร!$A:$A,0)) -> 6% Hydrogen peroxide | D17: =INDEX(รายการสาร!$C:$C,MATCH($B17,รายการสาร!$A:$A,0)) -> 6% Hydrogen peroxide | E17: 3X60 ml | F17: ตู้เก็บสารเคมี
A18: คลินิกหู คอ จมูก | B18: SDS-00015 | C18: =INDEX(รายการสาร!$B:$B,MATCH($B18,รายการสาร!$A:$A,0)) -> 95% alcohol | D18: =INDEX(รายการสาร!$C:$C,MATCH($B18,รายการสาร!$A:$A,0)) -> 95% alcohol | E18: 4X450 ml | F18: ตู้เก็บสารเคมี | H18: ✓ | W18: ✓
A19: คลินิกหู คอ จมูก | B19: SDS-00016 | C19: =INDEX(รายการสาร!$B:$B,MATCH($B19,รายการสาร!$A:$A,0)) -> 0.5 % chlorhexidine in water (Hibitane 1:10) | D19: =INDEX(รายการสาร!$C:$C,MATCH($B19,รายการสาร!$A:$A,0)) -> 0.5 % chlorhexidine in water (Hibitane 1:10) | E19: 3 x 120 ml | F19: ตู้เก็บสารเคมี | O19: ✓ | Q19: ✓
A20: คลินิกหู คอ จมูก | B20: SDS-00003 | C20: =INDEX(รายการสาร!$B:$B,MATCH($B20,รายการสาร!$A:$A,0)) -> คิมแคร์สบู่เหลวล้างมือ | D20: =INDEX(รายการสาร!$C:$C,MATCH($B20,รายการสาร!$A:$A,0)) -> Kimcare | E20: 500 ml | F20: ห้องตรวจ | O20: ✓
A21: คลินิกหู คอ จมูก | B21: SDS-00017 | C21: =INDEX(รายการสาร!$B:$B,MATCH($B21,รายการสาร!$A:$A,0)) -> Alcohol Pad | D21: =INDEX(รายการสาร!$C:$C,MATCH($B21,รายการสาร!$A:$A,0)) -> Neoplast | E21: 4 กล่อง | F21: ตู้เก็บสารเคมี | H21: ✓ | W21: ✓
A22: แม่บ้าน | B22: SDS-00018 | C22: =INDEX(รายการสาร!$B:$B,MATCH($B22,รายการสาร!$A:$A,0)) -> 2-butoxyethanol | D22: =INDEX(รายการสาร!$C:$C,MATCH($B22,รายการสาร!$A:$A,0)) -> Glance HC (กล๊านซ์ เอชซี) | E22: 6 x 5 l | F22: คลังแม่บ้าน | K22: ✓ | Q22: ✓ | S22: ✓ | U22: ✓ | V22: ✓
A23: แม่บ้าน | B23: SDS-00019 | C23: =INDEX(รายการสาร!$B:$B,MATCH($B23,รายการสาร!$A:$A,0)) -> Alcohol ethoxylates | D23: =INDEX(รายการสาร!$C:$C,MATCH($B23,รายการสาร!$A:$A,0)) -> Stride Floral HC (สไตร์ด ฟลอรัล เอชซี) | E23: 2.5 l | F23: คลังแม่บ้าน | K23: ✓ | Q23: ✓ | S23: ✓ | V23: ✓
A24: แม่บ้าน | B24: SDS-00020 | C24: =INDEX(รายการสาร!$B:$B,MATCH($B24,รายการสาร!$A:$A,0)) -> Premia (พรีเมียร์) | D24: =INDEX(รายการสาร!$C:$C,MATCH($B24,รายการสาร!$A:$A,0)) -> Premia (พรีเมียร์) | E24: 8X19L | F24: คลังแม่บ้าน | O24: ✓ | Q24: ✓ | V24: ✓
A25: แม่บ้าน | B25: SDS-00021 | C25: =INDEX(รายการสาร!$B:$B,MATCH($B25,รายการสาร!$A:$A,0)) -> Butyl Cellosolve, Sodium Xylene Sulfonate | D25: =INDEX(รายการสาร!$C:$C,MATCH($B25,รายการสาร!$A:$A,0)) -> J-Shop 600 (เจ-ชอพ 600 | E25: 5L | F25: คลังแม่บ้าน | K25: ✓ | Q25: ✓ | S25: ✓ | V25: ✓
A26: แม่บ้าน | B26: SDS-00022 | C26: =INDEX(รายการสาร!$B:$B,MATCH($B26,รายการสาร!$A:$A,0)) -> Distillates (petroleum), hydrotreated light | D26: =INDEX(รายการสาร!$C:$C,MATCH($B26,รายการสาร!$A:$A,0)) -> Conq-R-Dust (คองเคอร์ดัสท์) | E26: 4L | F26: คลังแม่บ้าน | H26: ✓ | M26: ✓ | N26: ✓ | O26: ✓ | Q26: ✓ | V26: ✓ | W26: ✓
A27: แม่บ้าน | B27: SDS-00023 | C27: =INDEX(รายการสาร!$B:$B,MATCH($B27,รายการสาร!$A:$A,0)) -> Distillates (petroleum), hydrotreated light | D27: =INDEX(รายการสาร!$C:$C,MATCH($B27,รายการสาร!$A:$A,0)) -> Suma Inox (ซูม่าไอน็อก) | E27: 5L | F27: คลังแม่บ้าน | M27: ✓ | N27: ✓ | O27: ✓ | Q27: ✓ | S27: ✓ | V27: ✓ | W27: ✓
A28: แม่บ้าน | B28: SDS-00024 | C28: =INDEX(รายการสาร!$B:$B,MATCH($B28,รายการสาร!$A:$A,0)) -> Forward DC ฟอร์เวิด ดีซี | D28: =INDEX(รายการสาร!$C:$C,MATCH($B28,รายการสาร!$A:$A,0)) -> Forward DC ฟอร์เวิด ดีซี | E28: 6 x 20 l | F28: คลังแม่บ้าน | K28: ✓ | Q28: ✓ | S28: ✓ | V28: ✓
A29: แม่บ้าน | B29: SDS-00025 | C29: =INDEX(รายการสาร!$B:$B,MATCH($B29,รายการสาร!$A:$A,0)) -> General Purpose Spotter | D29: =INDEX(รายการสาร!$C:$C,MATCH($B29,รายการสาร!$A:$A,0)) -> General Purpose Spotter | E29: 4X5L | F29: คลังแม่บ้าน | O29: ✓ | Q29: ✓ | S29: ✓ | V29: ✓
A30: แม่บ้าน | B30: SDS-00026 | C30: =INDEX(รายการสาร!$B:$B,MATCH($B30,รายการสาร!$A:$A,0)) -> Monoethanolamine | D30: =INDEX(รายการสาร!$C:$C,MATCH($B30,รายการสาร!$A:$A,0)) -> GP Forward SC Cleaner (จีพี ฟอร์เวิร์ด เอสซี คลีนเซอร์) | E30: 2.5L | F30: คลังแม่บ้าน | M30: ✓ | O30: ✓ | Q30: ✓ | V30: ✓
A31: แม่บ้าน | B31: SDS-00027 | C31: =INDEX(รายการสาร!$B:$B,MATCH($B31,รายการสาร!$A:$A,0)) -> N-Alkyl Dimethylbenzene Ammonium chloride, Tetrasodium Salt of EDTA, Didecyl Dimethyl Ammonium chloride | D31: =INDEX(รายการสาร!$C:$C,MATCH($B31,รายการสาร!$A:$A,0)) -> Virex II 256 (ไวเร็กซ์ II 256) | E31: 2.5L | F31: คลังแม่บ้าน | K31: ✓ | N31: ✓ | Q31: ✓ | R31: ✓ | S31: ✓ | T31: ✓ | V31: ✓
A32: แม่บ้าน | B32: SDS-00028 | C32: =INDEX(รายการสาร!$B:$B,MATCH($B32,รายการสาร!$A:$A,0)) -> Jonseal 220 จอห์นซีล 220 | D32: =INDEX(รายการสาร!$C:$C,MATCH($B32,รายการสาร!$A:$A,0)) -> Jonseal 220 จอห์นซีล 220 | E32: 5L | F32: คลังแม่บ้าน | O32: ✓ | Q32: ✓ | V32: ✓
A33: แม่บ้าน | B33: SDS-00029 | C33: =INDEX(รายการสาร!$B:$B,MATCH($B33,รายการสาร!$A:$A,0)) -> Sodium ABS, Sodium silicate, Sodium carbonate | D33: =INDEX(รายการสาร!$C:$C,MATCH($B33,รายการสาร!$A:$A,0)) -> Tempo (เทมโป้) | E33: 25 kg | F33: คลังแม่บ้าน | K33: ✓ | Q33: ✓ | S33: ✓ | V33: ✓
A34: แม่บ้าน | B34: SDS-00030 | C34: =INDEX(รายการสาร!$B:$B,MATCH($B34,รายการสาร!$A:$A,0)) -> Sodium Hydroxide, Monoethanolamine | D34: =INDEX(รายการสาร!$C:$C,MATCH($B34,รายการสาร!$A:$A,0)) -> Step Off (สะเต็ปออฟ) | E34: 5L | F34: คลังแม่บ้าน | K34: ✓ | Q34: ✓ | R34: ✓ | S34: ✓ | V34: ✓
A35: แม่บ้าน | B35: SDS-00031 | C35: =INDEX(รายการสาร!$B:$B,MATCH($B35,รายการสาร!$A:$A,0)) -> Taski Omnispray ออมนิสเปรย์ | D35: =INDEX(รายการสาร!$C:$C,MATCH($B35,รายการสาร!$A:$A,0)) -> Taski Omnispray ออมนิสเปรย์ | E35: 4X5L | F35: คลังแม่บ้าน | O35: ✓ | Q35: ✓ | V35: ✓
A36: แม่บ้าน | B36: SDS-00032 | C36: =INDEX(รายการสาร!$B:$B,MATCH($B36,รายการสาร!$A:$A,0)) -> Taski Omnistrip ออมนิสตริป | D36: =INDEX(รายการสาร!$C:$C,MATCH($B36,รายการสาร!$A:$A,0)) -> Taski Omnistrip ออมนิสตริป | E36: 4X5L | F36: คลังแม่บ้าน | O36: ✓ | Q36: ✓ | V36: ✓
A37: แม่บ้าน | B37: SDS-00033 | C37: =INDEX(รายการสาร!$B:$B,MATCH($B37,รายการสาร!$A:$A,0)) -> เอเมอเริล มัลติ-เซอร์เฟส ครีม คลีนเซอร์ | D37: =INDEX(รายการสาร!$C:$C,MATCH($B37,รายการสาร!$A:$A,0)) -> Emerel เอเมอเริล | E37: 12 ขวด | F37: คลังแม่บ้าน | K37: ✓ | Q37: ✓ | S37: ✓
A38: แม่บ้าน | B38: SDS-00034 | C38: =INDEX(รายการสาร!$B:$B,MATCH($B38,รายการสาร!$A:$A,0)) -> Taski Metal Polish ทัสกิ เมทอล โพลิส | D38: =INDEX(รายการสาร!$C:$C,MATCH($B38,รายการสาร!$A:$A,0)) -> Taski Metal Polish ทัสกิ เมทอล โพลิส | E38: 20 X 190g | F38: คลังแม่บ้าน | Q38: ✓ | S38: ✓ | V38: ✓
A39: แม่บ้าน | B39: SDS-00035 | C39: =INDEX(รายการสาร!$B:$B,MATCH($B39,รายการสาร!$A:$A,0)) -> แคล็กซ์ ผงซักฟอกด้วยเครื่อง | D39: =INDEX(รายการสาร!$C:$C,MATCH($B39,รายการสาร!$A:$A,0)) -> CLAX powder แคล็กซ์พาวเดอร์ | F39: คลังแม่บ้าน | O39: ✓ | Q39: ✓ | R39: ✓
A40: แม่บ้าน | B40: SDS-00036 | C40: =INDEX(รายการสาร!$B:$B,MATCH($B40,รายการสาร!$A:$A,0)) -> HDF cleaner | D40: =INDEX(รายการสาร!$C:$C,MATCH($B40,รายการสาร!$A:$A,0)) -> HDF cleaner | F40: คลังแม่บ้าน | K40: ✓ | Q40: ✓ | S40: ✓ | V40: ✓
A41: แม่บ้าน | B41: SDS-00037 | C41: =INDEX(รายการสาร!$B:$B,MATCH($B41,รายการสาร!$A:$A,0)) -> Crew Lime and Scale Remover | D41: =INDEX(รายการสาร!$C:$C,MATCH($B41,รายการสาร!$A:$A,0)) -> Crew Lime and Scale Remover | F41: คลังแม่บ้าน | K41: ✓ | O41: ✓ | V41: ✓
A42: แม่บ้าน | B42: SDS-00003 | C42: =INDEX(รายการสาร!$B:$B,MATCH($B42,รายการสาร!$A:$A,0)) -> คิมแคร์สบู่เหลวล้างมือ | D42: =INDEX(รายการสาร!$C:$C,MATCH($B42,รายการสาร!$A:$A,0)) -> Kimcare | E42: 120X 500 ml | F42: คลังแม่บ้าน | O42: ✓
A43: แม่บ้าน | B43: SDS-00038 | C43: =INDEX(รายการสาร!$B:$B,MATCH($B43,รายการสาร!$A:$A,0)) -> Glade Spa Fresh | D43: =INDEX(รายการสาร!$C:$C,MATCH($B43,รายการสาร!$A:$A,0)) -> 0 | E43: 3X12 กรป๋อง | F43: คลังแม่บ้าน | H43: ✓ | O43: ✓ | W43: ✓
A44: แม่บ้าน | B44: SDS-00039 | C44: =INDEX(รายการสาร!$B:$B,MATCH($B44,รายการสาร!$A:$A,0)) -> ไลปอนเอฟและ Marvin น้ำยาล้างจาน | D44: =INDEX(รายการสาร!$C:$C,MATCH($B44,รายการสาร!$A:$A,0)) -> ไลปอนเอฟ หรือ มาวิน หรือ ซันไลต์ | E44: 6X3.6L | F44: คลังแม่บ้าน | O44: ✓
A45: แม่บ้าน | B45: SDS-00040 | C45: =INDEX(รายการสาร!$B:$B,MATCH($B45,รายการสาร!$A:$A,0)) -> น้ำมันหอมละเหย | D45: =INDEX(รายการสาร!$C:$C,MATCH($B45,รายการสาร!$A:$A,0)) -> ยูคาลิปตัส | E45: 6 ขวด | F45: คลังแม่บ้าน | H45: ✓ | O45: ✓ | W45: ✓
A46: แม่บ้าน | B46: SDS-00041 | C46: =INDEX(รายการสาร!$B:$B,MATCH($B46,รายการสาร!$A:$A,0)) -> VirKon disinfectant | D46: =INDEX(รายการสาร!$C:$C,MATCH($B46,รายการสาร!$A:$A,0)) -> VirKon disinfectant | E46: 3X100 ซอง | F46: คลังแม่บ้าน | O46: ✓ | Q46: ✓ | R46: ✓ | S46: ✓
A47: แม่บ้าน | B47: SDS-00042 | C47: =INDEX(รายการสาร!$B:$B,MATCH($B47,รายการสาร!$A:$A,0)) -> Gel ล้างมือติดผนัง | D47: =INDEX(รายการสาร!$C:$C,MATCH($B47,รายการสาร!$A:$A,0)) -> Purell (Hand Sanitizer) | E47: 70 x 1000 ml | F47: คลังแม่บ้าน | H47: ✓ | W47: ✓
A48: แม่บ้าน | B48: SDS-00043 | C48: =INDEX(รายการสาร!$B:$B,MATCH($B48,รายการสาร!$A:$A,0)) -> Suma SaturnD4.9( ซูม่าแซทเทิร์นดี4.9) | D48: =INDEX(รายการสาร!$C:$C,MATCH($B48,รายการสาร!$A:$A,0)) -> Suma Saturn D4.9 ( ซูม่าแซทเทิร์นดี4.9) | E48: 5L | F48: คลังแม่บ้าน | K48: ✓ | N48: ✓ | Q48: ✓ | V48: ✓
A49: แม่บ้าน | B49: SDS-00044 | C49: =INDEX(รายการสาร!$B:$B,MATCH($B49,รายการสาร!$A:$A,0)) -> Taski Jontec ESD(ทัสกิ จอนเทค อีเอสดี ) | D49: =INDEX(รายการสาร!$C:$C,MATCH($B49,รายการสาร!$A:$A,0)) -> Taski Jontec ESD(ทัสกิ จอนเทค อีเอสดี ) | E49: 5L | F49: คลังแม่บ้าน | N49: ✓ | V49: ✓
A50: แม่บ้าน | B50: SDS-00045 | C50: =INDEX(รายการสาร!$B:$B,MATCH($B50,รายการสาร!$A:$A,0)) -> Oxivir TB (Benzyl alcohol) | D50: =INDEX(รายการสาร!$C:$C,MATCH($B50,รายการสาร!$A:$A,0)) -> Oxivir TB | E50: 3X800ml | F50: คลังแม่บ้าน | H50: ✓ | O50: ✓ | Q50: ✓ | R50: ✓ | W50: ✓
A51: ฟู้ดเฮ้าส์ | B51: SDS-00046 | C51: =INDEX(รายการสาร!$B:$B,MATCH($B51,รายการสาร!$A:$A,0)) -> Trisodium nitrilotriacetate, Sodium Hydroxide | D51: =INDEX(รายการสาร!$C:$C,MATCH($B51,รายการสาร!$A:$A,0)) -> Suma Special | E51: 60 l | F51: FH | K51: ✓ | Q51: ✓ | R51: ✓ | S51: ✓ | V51: ✓
A52: ฟู้ดเฮ้าส์ | B52: SDS-00047 | C52: =INDEX(รายการสาร!$B:$B,MATCH($B52,รายการสาร!$A:$A,0)) -> Alkyl alcohol alkoxylate | D52: =INDEX(รายการสาร!$C:$C,MATCH($B52,รายการสาร!$A:$A,0)) -> Suma Quick Dri | E52: 60L | F52: FH | P52: ✓ | S52: ✓ | V52: ✓
A53: ฟู้ดเฮ้าส์ | B53: SDS-00048 | C53: =INDEX(รายการสาร!$B:$B,MATCH($B53,รายการสาร!$A:$A,0)) -> Sodium alkylbenzene sulphonate | D53: =INDEX(รายการสาร!$C:$C,MATCH($B53,รายการสาร!$A:$A,0)) -> Suma Star | E53: 80L | F53: FH | O53: ✓ | Q53: ✓ | S53: ✓ | V53: ✓
A54: ฟู้ดเฮ้าส์ | B54: SDS-00049 | C54: =INDEX(รายการสาร!$B:$B,MATCH($B54,รายการสาร!$A:$A,0)) -> Dodeccyl Benzene Sulfonic Acid ,Sodium Xylene Sulfonate , Ethoxylated alcohol | D54: =INDEX(รายการสาร!$C:$C,MATCH($B54,รายการสาร!$A:$A,0)) -> Suma Stopp Slip | E54: 20L | F54: FH | O54: ✓ | Q54: ✓ | S54: ✓ | V54: ✓
A55: ฟู้ดเฮ้าส์ | B55: SDS-00050 | C55: =INDEX(รายการสาร!$B:$B,MATCH($B55,รายการสาร!$A:$A,0)) -> Sodium Metasilicate ,Sodium Hydroxide ,Anionics | D55: =INDEX(รายการสาร!$C:$C,MATCH($B55,รายการสาร!$A:$A,0)) -> Suma Break Up HD | E55: 20L | F55: FH | K55: ✓ | Q55: ✓ | R55: ✓ | S55: ✓ | V55: ✓
A56: ฟู้ดเฮ้าส์ | B56: SDS-00051 | C56: =INDEX(รายการสาร!$B:$B,MATCH($B56,รายการสาร!$A:$A,0)) -> Sodium Hypochlorite | D56: =INDEX(รายการสาร!$C:$C,MATCH($B56,รายการสาร!$A:$A,0)) -> Suma Saturn | E56: 20L | F56: FH | K56: ✓ | Q56: ✓ | S56: ✓ | V56: ✓
A57: ฟู้ดเฮ้าส์ | B57: SDS-00052 | C57: =INDEX(รายการสาร!$B:$B,MATCH($B57,รายการสาร!$A:$A,0)) -> N-Alkyl Dimethyl Benzyl ammonium chloride ,N-Alkyl Dimethyl Ethylbenzyl ammonium chloride | D57: =INDEX(รายการสาร!$C:$C,MATCH($B57,รายการสาร!$A:$A,0)) -> Suma J512 | E57: 20L | F57: FH | K57: ✓ | Q57: ✓ | S57: ✓ | V57: ✓
A58: ฟู้ดเฮ้าส์ | B58: SDS-00053 | C58: =INDEX(รายการสาร!$B:$B,MATCH($B58,รายการสาร!$A:$A,0)) -> Distillates (petroleum), hydrotreated light | D58: =INDEX(รายการสาร!$C:$C,MATCH($B58,รายการสาร!$A:$A,0)) -> Suma Inox | E58: 20L | F58: FH | O58: ✓ | Q58: ✓ | S58: ✓ | V58: ✓
A59: ฟู้ดเฮ้าส์ | B59: SDS-00054 | C59: =INDEX(รายการสาร!$B:$B,MATCH($B59,รายการสาร!$A:$A,0)) -> suma grill gell | D59: =INDEX(รายการสาร!$C:$C,MATCH($B59,รายการสาร!$A:$A,0)) -> suma grill gell | K59: ✓ | Q59: ✓ | R59: ✓ | S59: ✓ | T59: ✓ | V59: ✓
A60: ฟู้ดเฮ้าส์ | B60: SDS-00055 | C60: =INDEX(รายการสาร!$B:$B,MATCH($B60,รายการสาร!$A:$A,0)) -> Soft care FIC Handgel clenser | D60: =INDEX(รายการสาร!$C:$C,MATCH($B60,รายการสาร!$A:$A,0)) -> Soft care FIC Handgel clenser | E60: 1X5L | F60: FH | H60: ✓ | V60: ✓ | W60: ✓
A61: ฟู้ดเฮ้าส์ | B61: SDS-00056 | C61: =INDEX(รายการสาร!$B:$B,MATCH($B61,รายการสาร!$A:$A,0)) -> Suma Calc | D61: =INDEX(รายการสาร!$C:$C,MATCH($B61,รายการสาร!$A:$A,0)) -> Suma Calc | E61: 1X5L | F61: FH | K61: ✓ | Q61: ✓ | R61: ✓ | S61: ✓ | T61: ✓ | V61: ✓
A62: ฟู้ดเฮ้าส์ | B62: SDS-00057 | C62: =INDEX(รายการสาร!$B:$B,MATCH($B62,รายการสาร!$A:$A,0)) -> Dual Dip. | D62: =INDEX(รายการสาร!$C:$C,MATCH($B62,รายการสาร!$A:$A,0)) -> Dual Dip. | E62: 1X1 kg | F62: FH | K62: ✓ | O62: ✓ | Q62: ✓ | R62: ✓ | S62: ✓ | T62: ✓
A63: ฟู้ดเฮ้าส์ | B63: SDS-00058 | C63: =INDEX(รายการสาร!$B:$B,MATCH($B63,รายการสาร!$A:$A,0)) -> Suma Optmuni 281 | D63: =INDEX(รายการสาร!$C:$C,MATCH($B63,รายการสาร!$A:$A,0)) -> Suma Optmuni 281 | E63: 1X5L | F63: FH | J63: ✓ | K63: ✓ | Q63: ✓ | R63: ✓ | S63: ✓ | T63: ✓ | V63: ✓
A64: CSSD | B64: SDS-00059 | C64: =INDEX(รายการสาร!$B:$B,MATCH($B64,รายการสาร!$A:$A,0)) -> Q-bac4 soap liquid | D64: =INDEX(รายการสาร!$C:$C,MATCH($B64,รายการสาร!$A:$A,0)) -> Q-bac4 | E64: 6 bot | F64: ห้องเตรียม / ห้องสต๊อค | O64: ✓
A65: CSSD | B65: SDS-00060 | C65: =INDEX(รายการสาร!$B:$B,MATCH($B65,รายการสาร!$A:$A,0)) -> น้ำยาล้างจาน | D65: =INDEX(รายการสาร!$C:$C,MATCH($B65,รายการสาร!$A:$A,0)) -> ไลปอนเอฟ ,มาวิน และซันไลต์ | E65: 1X550 ml | F65: ห้องเบรค | O65: ✓ | Q65: ✓ | S65: ✓
A66: CSSD | B66: SDS-00061 | C66: =INDEX(รายการสาร!$B:$B,MATCH($B66,รายการสาร!$A:$A,0)) -> Neodisher IP spray | D66: =INDEX(รายการสาร!$C:$C,MATCH($B66,รายการสาร!$A:$A,0)) -> Neodisher IP spray(400 ml) | E66: 1 bot | F66: ห้องเตรียม | H66: ✓ | L66: ✓ | W66: ✓
A67: CSSD | B67: SDS-00062 | C67: =INDEX(รายการสาร!$B:$B,MATCH($B67,รายการสาร!$A:$A,0)) -> Mediclean forte | D67: =INDEX(รายการสาร!$C:$C,MATCH($B67,รายการสาร!$A:$A,0)) -> Mediclean forte(5L) | E67: 2X5L | F67: ห้องสต๊อค | O67: ✓ | Q67: ✓ | R67: ✓ | V67: ✓
A68: CSSD | B68: SDS-00063 | C68: =INDEX(รายการสาร!$B:$B,MATCH($B68,รายการสาร!$A:$A,0)) -> Stabimed Fresh (B Braun) | D68: =INDEX(รายการสาร!$C:$C,MATCH($B68,รายการสาร!$A:$A,0)) -> Stabimed Fresh (B Braun)(5L) | E68: 2X5L | F68: ห้องสต๊อค | H68: ✓ | K68: ✓ | M68: ✓ | N68: ✓ | O68: ✓ | Q68: ✓ | R68: ✓ | S68: ✓ | T68: ✓ | V68: ✓ | W68: ✓
A69: CSSD | B69: SDS-00064 | C69: =INDEX(รายการสาร!$B:$B,MATCH($B69,รายการสาร!$A:$A,0)) -> สบู่เหลวล้างมือ | D69: =INDEX(รายการสาร!$C:$C,MATCH($B69,รายการสาร!$A:$A,0)) -> สบู่เหลวล้างมือ | E69: 4 bot | F69: ห้องสต๊อค | O69: ✓
A70: CSSD | B70: SDS-00065 | C70: =INDEX(รายการสาร!$B:$B,MATCH($B70,รายการสาร!$A:$A,0)) -> GER-MA-WAY Disinfectant | D70: =INDEX(รายการสาร!$C:$C,MATCH($B70,รายการสาร!$A:$A,0)) -> GER-MA-WAY Disinfectant | E70: 1 กระป๋อง | F70: ห้องสต๊อค | O70: ✓
A71: CSSD | B71: SDS-00066 | C71: =INDEX(รายการสาร!$B:$B,MATCH($B71,รายการสาร!$A:$A,0)) -> ETHYLENE SERIE GAS | D71: =INDEX(รายการสาร!$C:$C,MATCH($B71,รายการสาร!$A:$A,0)) -> Sterilization Gas type A-100 | E71: 30 box | F71: ห้องล้าง | H71: ✓ | J71: ✓ | L71: ✓ | Q71: ✓ | R71: ✓ | S71: ✓ | T71: ✓ | W71: ✓
A72: CSSD | B72: SDS-00067 | C72: =INDEX(รายการสาร!$B:$B,MATCH($B72,รายการสาร!$A:$A,0)) -> Low foam ultra rapid multi enzyme cleaner | D72: =INDEX(รายการสาร!$C:$C,MATCH($B72,รายการสาร!$A:$A,0)) -> Low foam ultra rapid multi enzyme cleaner | E72: 6X3.8 l | F72: ห้องสต๊อค | M72: ✓ | N72: ✓ | Q72: ✓ | R72: ✓ | S72: ✓ | T72: ✓ | U72: ✓ | V72: ✓
A73: CSSD | B73: SDS-00068 | C73: =INDEX(รายการสาร!$B:$B,MATCH($B73,รายการสาร!$A:$A,0)) -> Helizyme (B Braun) | D73: =INDEX(รายการสาร!$C:$C,MATCH($B73,รายการสาร!$A:$A,0)) -> Helizyme (B Braun) | E73: 4X5L | F73: ห้องสต๊อค | H73: ✓ | K73: ✓ | M73: ✓ | N73: ✓ | O73: ✓ | Q73: ✓ | R73: ✓ | S73: ✓ | T73: ✓ | U73: ✓ | V73: ✓ | W73: ✓
A74: คลินิกผู้ป่วยใน w7 | B74: SDS-00069 | C74: =INDEX(รายการสาร!$B:$B,MATCH($B74,รายการสาร!$A:$A,0)) -> ไมวิน | D74: =INDEX(รายการสาร!$C:$C,MATCH($B74,รายการสาร!$A:$A,0)) -> Polish Remover | E74: 1x400 ml | F74: ตู้เก็บสารเคมี | I74: ✓ | N74: ✓ | P74: ✓ | R74: ✓
A75: คลินิกผู้ป่วยใน w7 | B75: SDS-00007 | C75: =INDEX(รายการสาร!$B:$B,MATCH($B75,รายการสาร!$A:$A,0)) -> Ammonia | D75: =INDEX(รายการสาร!$C:$C,MATCH($B75,รายการสาร!$A:$A,0)) -> Ammonia | E75: 2x30 ml | F75: ตู้เก็บสารเคมี | K75: ✓ | L75: ✓ | N75: ✓ | R75: ✓ | S75: ✓
A76: คลินิกผู้ป่วยใน w7 | B76: SDS-00070 | C76: =INDEX(รายการสาร!$B:$B,MATCH($B76,รายการสาร!$A:$A,0)) -> Hydrex Scrub | D76: =INDEX(รายการสาร!$C:$C,MATCH($B76,รายการสาร!$A:$A,0)) -> Hexene Scrub | E76: 2x500 ml | F76: ตู้เก็บสารเคมี
A77: คลินิกผู้ป่วยใน w7 | B77: SDS-00017 | C77: =INDEX(รายการสาร!$B:$B,MATCH($B77,รายการสาร!$A:$A,0)) -> Alcohol Pad | D77: =INDEX(รายการสาร!$C:$C,MATCH($B77,รายการสาร!$A:$A,0)) -> Neoplast | E77: 4 กล่อง | F77: ตู้เก็บสารเคมี | I77: ✓ | W77: ✓
A78: คลินิกผู้ป่วยใน w7 | B78: SDS-00011 | C78: =INDEX(รายการสาร!$B:$B,MATCH($B78,รายการสาร!$A:$A,0)) -> Alcohol Gel | D78: =INDEX(รายการสาร!$C:$C,MATCH($B78,รายการสาร!$A:$A,0)) -> Clear Hand Gel | E78: 3x120 ml,2x300 ml | F78: ตู้เก็บสารเคมี | I78: ✓ | W78: ✓
A79: คลินิกผู้ป่วยใน w7 | B79: SDS-00071 | C79: =INDEX(รายการสาร!$B:$B,MATCH($B79,รายการสาร!$A:$A,0)) -> CaviWipes | D79: =INDEX(รายการสาร!$C:$C,MATCH($B79,รายการสาร!$A:$A,0)) -> CaviWipes | E79: 3 กระป๋อง | F79: ตู้เก็บสารเคมี | P79: ✓
A80: คลินิกผู้ป่วยใน w7 | B80: SDS-00006 | C80: =INDEX(รายการสาร!$B:$B,MATCH($B80,รายการสาร!$A:$A,0)) -> 70% alcohol | D80: =INDEX(รายการสาร!$C:$C,MATCH($B80,รายการสาร!$A:$A,0)) -> Preservative solution 70% | E80: 3x60 ml | F80: ตู้เก็บสารเคมี | I80: ✓ | W80: ✓
A81: คลินิกผู้ป่วยใน w7 | B81: SDS-00012 | C81: =INDEX(รายการสาร!$B:$B,MATCH($B81,รายการสาร!$A:$A,0)) -> Betadine | D81: =INDEX(รายการสาร!$C:$C,MATCH($B81,รายการสาร!$A:$A,0)) -> Betadine | E81: 1x30 ml | F81: ตู้เก็บสารเคมี | P81: ✓ | R81: ✓
A82: คลินิกผู้ป่วยใน w7 | B82: SDS-00010 | C82: =INDEX(รายการสาร!$B:$B,MATCH($B82,รายการสาร!$A:$A,0)) -> Gel ล้างมือติดผนัง | D82: =INDEX(รายการสาร!$C:$C,MATCH($B82,รายการสาร!$A:$A,0)) -> Purell | E82: 3 x 1000 ml,1 x 1,200 ml | F82: ตู้เก็บสารเคมี | I82: ✓ | W82: ✓
A83: คลินิกผู้ป่วยใน w7 | B83: SDS-00072 | C83: =INDEX(รายการสาร!$B:$B,MATCH($B83,รายการสาร!$A:$A,0)) -> น้ำยาล้างจาน | D83: =INDEX(รายการสาร!$C:$C,MATCH($B83,รายการสาร!$A:$A,0)) -> ไลปอนเอฟ หรือ มาวิน หรือ ซันไลต์ ทีโพล์ | E83: 1X500 ml,1 X3.6 ลิตร | F83: ตู้เก็บของ | P83: ✓
A84: คลินิกผู้ป่วยใน w7 | B84: SDS-00073 | C84: =INDEX(รายการสาร!$B:$B,MATCH($B84,รายการสาร!$A:$A,0)) -> คิมแคร์สบู่เหลวล้างมือ | D84: =INDEX(รายการสาร!$C:$C,MATCH($B84,รายการสาร!$A:$A,0)) -> Scott | E84: 1X500 ml,1X1,000 ml | F84: ติดผนัง | P84: ✓
A85: คลินิกผู้ป่วยใน w7 | B85: SDS-00059 | C85: =INDEX(รายการสาร!$B:$B,MATCH($B85,รายการสาร!$A:$A,0)) -> Q-bac4 soap liquid | D85: =INDEX(รายการสาร!$C:$C,MATCH($B85,รายการสาร!$A:$A,0)) -> Q-bac4 | E85: 1x1,000 ml | F85: ติดผนัง | P85: ✓
A86: คลินิกผู้ป่วยในหัวใจ w8 | B86: SDS-00009 | C86: =INDEX(รายการสาร!$B:$B,MATCH($B86,รายการสาร!$A:$A,0)) -> น้ำยาล้างเล็บ(LAPPA) | D86: =INDEX(รายการสาร!$C:$C,MATCH($B86,รายการสาร!$A:$A,0)) -> Polish Remover | E86: 1x400 ml | F86: ตู้เก็บสารเคมี | H86: ✓ | M86: ✓ | O86: ✓ | Q86: ✓ | W86: ✓
A87: คลินิกผู้ป่วยในหัวใจ w8 | B87: SDS-00007 | C87: =INDEX(รายการสาร!$B:$B,MATCH($B87,รายการสาร!$A:$A,0)) -> Ammonia | D87: =INDEX(รายการสาร!$C:$C,MATCH($B87,รายการสาร!$A:$A,0)) -> Ammonia | E87: 10x30 ml | F87: ตู้เก็บสารเคมี | J87: ✓ | K87: ✓ | M87: ✓ | Q87: ✓ | R87: ✓
A88: คลินิกผู้ป่วยในหัวใจ w8 | B88: SDS-00074 | C88: =INDEX(รายการสาร!$B:$B,MATCH($B88,รายการสาร!$A:$A,0)) -> Chlohexidine gluconate in alcoholic solution | D88: =INDEX(รายการสาร!$C:$C,MATCH($B88,รายการสาร!$A:$A,0)) -> Prepskin-C | E88: 3X120 ml | F88: ตู้เก็บสารเคมี | H88: ✓ | O88: ✓ | Q88: ✓ | W88: ✓
A89: คลินิกผู้ป่วยในหัวใจ w8 | B89: SDS-00017 | C89: =INDEX(รายการสาร!$B:$B,MATCH($B89,รายการสาร!$A:$A,0)) -> Alcohol Pad | D89: =INDEX(รายการสาร!$C:$C,MATCH($B89,รายการสาร!$A:$A,0)) -> Neoplast | E89: 3 กล่อง | F89: ตู้เก็บสารเคมี | H89: ✓ | W89: ✓
A90: คลินิกผู้ป่วยในหัวใจ w8 | B90: SDS-00011 | C90: =INDEX(รายการสาร!$B:$B,MATCH($B90,รายการสาร!$A:$A,0)) -> Alcohol Gel | D90: =INDEX(รายการสาร!$C:$C,MATCH($B90,รายการสาร!$A:$A,0)) -> Clear Hand Gel | E90: 9x120 ml | F90: ตู้เก็บสารเคมี | H90: ✓ | W90: ✓
A91: คลินิกผู้ป่วยในหัวใจ w8 | B91: SDS-00010 | C91: =INDEX(รายการสาร!$B:$B,MATCH($B91,รายการสาร!$A:$A,0)) -> Gel ล้างมือติดผนัง | D91: =INDEX(รายการสาร!$C:$C,MATCH($B91,รายการสาร!$A:$A,0)) -> Purell | E91: 3 x 1000 ml | F91: ตู้เก็บสารเคมี | H91: ✓ | W91: ✓
A92: คลินิกผู้ป่วยในหัวใจ w8 | B92: SDS-00006 | C92: =INDEX(รายการสาร!$B:$B,MATCH($B92,รายการสาร!$A:$A,0)) -> 70% alcohol | D92: =INDEX(รายการสาร!$C:$C,MATCH($B92,รายการสาร!$A:$A,0)) -> Preservative solution 70% | E92: 5x60 ml | F92: ตู้เก็บสารเคมี | H92: ✓ | W92: ✓
A93: คลินิกผู้ป่วยในหัวใจ w8 | B93: SDS-00012 | C93: =INDEX(รายการสาร!$B:$B,MATCH($B93,รายการสาร!$A:$A,0)) -> Betadine | D93: =INDEX(รายการสาร!$C:$C,MATCH($B93,รายการสาร!$A:$A,0)) -> Betadine | E93: 4x30 ml | F93: ตู้เก็บสารเคมี | O93: ✓ | Q93: ✓
A94: คลินิกผู้ป่วยในหัวใจ w8 | B94: SDS-00012 | C94: =INDEX(รายการสาร!$B:$B,MATCH($B94,รายการสาร!$A:$A,0)) -> Betadine | D94: =INDEX(รายการสาร!$C:$C,MATCH($B94,รายการสาร!$A:$A,0)) -> Betadine | E94: 3x60 mll | F94: ตู้เก็บสารเคมี | O94: ✓ | Q94: ✓
A95: คลินิกผู้ป่วยในหัวใจ w8 | B95: SDS-00065 | C95: =INDEX(รายการสาร!$B:$B,MATCH($B95,รายการสาร!$A:$A,0)) -> GER-MA-WAY Disinfectant | D95: =INDEX(รายการสาร!$C:$C,MATCH($B95,รายการสาร!$A:$A,0)) -> GER-MA-WAY Disinfectant | E95: 1 กระป๋อง | F95: ตู้เก็บสารเคมี | O95: ✓
A96: คลินิกผู้ป่วยในหัวใจ w8 | B96: SDS-00004 | C96: =INDEX(รายการสาร!$B:$B,MATCH($B96,รายการสาร!$A:$A,0)) -> น้ำยาล้างจาน | D96: =INDEX(รายการสาร!$C:$C,MATCH($B96,รายการสาร!$A:$A,0)) -> ไลปอนเอฟ หรือ มาวิน หรือ ซันไลต์ | E96: 1X500 ml | F96: ตู้เก็บของ | O96: ✓
A97: คลินิกผู้ป่วยในหัวใจ w8 | B97: SDS-00003 | C97: =INDEX(รายการสาร!$B:$B,MATCH($B97,รายการสาร!$A:$A,0)) -> คิมแคร์สบู่เหลวล้างมือ | D97: =INDEX(รายการสาร!$C:$C,MATCH($B97,รายการสาร!$A:$A,0)) -> Kimcare | E97: 1X500 ml | F97: ติดผนัง
A98: คลินิกผู้ป่วยในหัวใจ w8 | B98: SDS-00075 | C98: =INDEX(รายการสาร!$B:$B,MATCH($B98,รายการสาร!$A:$A,0)) -> น้ำยาเช็ดตัวคนไข้ | D98: =INDEX(รายการสาร!$C:$C,MATCH($B98,รายการสาร!$A:$A,0)) -> Dermalux soft towel lotion | E98: 1X1000 ml | F98: ห้องแม่บ้าน | O98: ✓ | Q98: ✓
A99: คลินิกผู้ป่วยในหัวใจ w8 | B99: SDS-00013 | C99: =INDEX(รายการสาร!$B:$B,MATCH($B99,รายการสาร!$A:$A,0)) -> CHLORHEXIDINE SCRUB 4% | D99: =INDEX(รายการสาร!$C:$C,MATCH($B99,รายการสาร!$A:$A,0)) -> Hexene | E99: 3x500 ml | F99: ตู้เก็บสารเคมี | O99: ✓
A100: คลินิกผู้ป่วยในw9 | B100: SDS-00007 | C100: =INDEX(รายการสาร!$B:$B,MATCH($B100,รายการสาร!$A:$A,0)) -> Ammonia | D100: =INDEX(รายการสาร!$C:$C,MATCH($B100,รายการสาร!$A:$A,0)) -> Ammonia | E100: 3x30 ml | F100: ตู้เก็บสารเคมี | J100: ✓ | K100: ✓ | M100: ✓ | Q100: ✓ | R100: ✓
...

Sheet รายการสาร
A1: รหัส SDS | B1: ชื่อผลิตภัณฑ์/สารเคมี | C1: Trade Name
A2: SDS-00001 | B2: น้ำยา 3 Enzyme | C2: 3 Enzyme
A3: SDS-00002 | B3: น้ำยาแช่เครื่องมือ Cidex | C3: Cidex
A4: SDS-00003 | B4: คิมแคร์สบู่เหลวล้างมือ | C4: Kimcare
A5: SDS-00004 | B5: น้ำยาล้างจาน | C5: ไลปอนเอฟ หรือ มาวิน หรือ ซันไลต์
A6: SDS-00005 | B6: Avagard Foaming Instant Hand Antiseptic | C6: Avagard Foaming Instant Hand Antiseptic
A7: SDS-00006 | B7: 70% alcohol | C7: Preservative solution 70%
A8: SDS-00007 | B8: Ammonia | C8: Ammonia
A9: SDS-00008 | B9: Virusolve | C9: Virusolve
A10: SDS-00009 | B10: น้ำยาล้างเล็บ(LAPPA) | C10: Polish Remover
A11: SDS-00010 | B11: Gel ล้างมือติดผนัง | C11: Purell
A12: SDS-00011 | B12: Alcohol Gel | C12: Clear Hand Gel
... A38: SDS-00037 | B38: Crew Lime and Scale Remover | C38: Crew Lime and Scale Remover
A39: SDS-00038 | B39: Glade Spa Fresh
A40: SDS-00039 | B40: ไลปอนเอฟและ Marvin น้ำยาล้างจาน | C40: ไลปอนเอฟ หรือ มาวิน หรือ ซันไลต์
A41: SDS-00040 | B41: น้ำมันหอมละเหย | C41: ยูคาลิปตัส
A42: SDS-00041 | B42: VirKon disinfectant | C42: VirKon disinfectant
A43: SDS-00042 | B43: Gel ล้างมือติดผนัง | C43: Purell (Hand Sanitizer)
A44: SDS-00043 | B44: Suma SaturnD4.9( ซูม่าแซทเทิร์นดี4.9) | C44: Suma Saturn D4.9 ( ซูม่าแซทเทิร์นดี4.9)
A45: SDS-00044 | B45: Taski Jontec ESD(ทัสกิ จอนเทค อีเอสดี ) | C45: Taski Jontec ESD(ทัสกิ จอนเทค อีเอสดี )
A46: SDS-00045 | B46: Oxivir TB (Benzyl alcohol) | C46: Oxivir TB
A47: SDS-00046 | B47: Trisodium nitrilotriacetate, Sodium Hydroxide | C47: Suma Special
A48: SDS-00047 | B48: Alkyl alcohol alkoxylate | C48: Suma Quick Dri
A49: SDS-00048 | B49: Sodium alkylbenzene sulphonate | C49: Suma Star
A50: SDS-00049 | B50: Dodeccyl Benzene Sulfonic Acid ,Sodium Xylene Sulfonate , Ethoxylated alcohol | C50: Suma Stopp Slip
A51: SDS-00050 | B51: Sodium Metasilicate ,Sodium Hydroxide ,Anionics | C51: Suma Break Up HD
... A84: SDS-00083 | B84: Frekaderm | C84: Frekaderm
A85: SDS-00084 | B85: 30 % citric acid
A86: SDS-00085 | B86: Sodium hypochlorite | C86: 5% chlorox
A87: SDS-00086 | B87: citrosteril
A88: SDS-00087 | B88: peracitic acid
A89: SDS-00088 | B89: Chlorhexidine | C89: Q-Bac 2A
A90: SDS-00089 | B90: 2% chlohexidine in 70% alcohol | C90: Prepskin-C
A91: SDS-00090 | B91: Chlorhexidine solution (2%) | C91: Chlorhexidine solution (2%)
A92: SDS-00091 | B92: EDTA 17% solution : aionsyme plus | C92: EDTA 17% solution : aionsyme plus
A93: SDS-00092 | B93: Ethy alcohol 70% | C93: Preservative solution 70%
A94: SDS-00093 | B94: 95 % Alcohol | C94: 95 % Alcohol
A95: SDS-00094 | B95: Mybacin | C95: Mybacin
A96: SDS-00095 | B96: Hydrogen peroxide | C96: Hydrogen peroxide
A97: SDS-00096 | B97: Chlorhexidine scrub (4%) | C97: Hexene
A98: SDS-00097 | B98: Acetone | C98: Acetone
A99: SDS-00098 | B99: Service oil | C99: Service oil
A100: SDS-00099 | B100: Zeta 5 unit(Aspirators) | C100: Zeta 5 unit(Aspirators)
... A150: SDS-00149 | B150: สเปรย์กำจัดแมลง | C150: สเปรย์กำจัดแมลง
A151: SDS-00150 | B151: แผนกมีสารเคมีอันตรายชนิดไวไฟมากที่สุดใน ร.พ. ควรหลีกเลี่ยงการทำให้เกิดประกายไฟ
A152: SDS-00151 | B152: Crystal violet | C152: Crystal violet
A153: SDS-00152 | B153: Giema's azure eosin methylene blue | C153: Giema's azure eosin methyline blue solution
A154: SDS-00153 | B154: Immersion oil | C154: Immersion oil
A155: SDS-00154 | B155: Iodine | C155: Iodine
A156: SDS-00155 | B156: Methyl alcohol | C156: Methyl alcohol
A157: SDS-00156 | B157: Methylene blue | C157: Methylene blue
A158: SDS-00157 | B158: Potassium hydroxide | C158: Potassium hydroxide
A159: SDS-00158 | B159: สเปรย์ปรับอากาศ | C159: Glade
A160: SDS-00159 | B160: RBS AM 35 MD | C160: RBS AM 35 MD
A161: SDS-00160 | B161: Caviwipe | C161: Caviwipe
A162: SDS-00161 | B162: Safranine | C162: Safranine
A163: SDS-00162 | B163: Gram’s stain decolorizer | C163: Gram’s stain decolorizer
... A338: SDS-00337 | B338: สบู่ล้างมือ | C338: Kimcare

Sheet สรุปการประมวลผล
A1: รายการ | B1: ค่า
A2: ไฟล์ต้นทาง | B2: ตารางรายการสารเคมีอัพเดท -23122025.xlsx
A3: ไฟล์ปลายทาง | B3: ตารางรายการสารเคมีรวมทุกแผนก.xlsx
A4: จำนวนชีตแผนกที่ใช้ | B4: 64
A5: จำนวนรายการรวมทุกแผนก | B5: 661
A6: จำนวนรายการสารไม่ซ้ำ | B6: 337
A7: จำนวนแถวข้อมูลไม่ตรงกัน | B7: 64
A9: ชีตที่นำเข้าข้อมูล | B9: แผนก | C9: จำนวนรายการ
A10: 1.URO | B10: ศูนย์ทางเดินปัสสาวะ | C10: 6
A11: 2.ENT | B11: คลินิกหู คอ จมูก | C11: 14
A12: 3.แม่บ้าน | B12: แม่บ้าน | C12: 29
A13: 4.ฟู้ดเฮ้า | B13: ฟู้ดเฮ้าส์ | C13: 13
A14: 5.CSSD | B14: CSSD | C14: 10
A15: 6.w 7 | B15: คลินิกผู้ป่วยใน w7 | C15: 12
A16: 7.w8 | B16: คลินิกผู้ป่วยในหัวใจ w8 | C16: 14
A17: 8.w9 | B17: คลินิกผู้ป่วยในw9 | C17: 10
A18: 9.W10 | B18: ward 10 | C18: 13
A19: 10.W11 | B19: แผนกผู้ป่วยในศูนย์สุขภาพเด็กw11 | C19: 6
A20: 11.W12 | B20: แผนกผู้ป่วยในศูนย์สุขภาพเด็กw12 | C20: 7
A21: 12.w15 | B21: ward 15 | C21: 13
... A73: 63. CN | B73: คัดกรองผู้ป่วย | C73: 6
